SNP	REF	ALT	PHRED	P	c2	c10	c20
6:73309615	G	A	33	0.0003181	44.618232007672	36.4974363308926	35.6882057620107
6:32607958	A	G	17.35	3.273e-08	42.2148111567162	24.835053994692	23.1031755759958
10:80166946	G	A	32	0.002146	40.8641342085676	34.6683702823701	34.0509675343867
17:3292309	T	A	35	0.02318	40.4309756234303	36.6348865683724	36.2566094354635
14:105939851	G	A	34	0.01441	40.1167858542621	35.841336019186	35.41529098124
6:32605127	T	A	14.59	4.491e-08	38.9983880369814	21.9376569449373	20.2375692101068
17:35445639	G	T	34	0.03388	38.8834223151046	35.4700565983413	35.1299175293734
6:32624365	C	T	12.14	9.932e-09	38.7252685924715	20.1429632891175	18.2912519432983
6:32597026	T	C	13.47	3.504e-08	38.2364219841598	20.925435902504	19.2004104650555
20:2311076	A	C	23.6	4.059e-05	38.1885161344012	27.9915809486827	26.9754647958301
