ID	reference	variant	score	P	c2	c10	c20
6:32598028	C	A	0.102694	4.596e-11	34.443524245777	10.4403139799838	8.04841394069049
6:32598992	C	G	0.054891	4.464e-11	34.4377630165939	10.4051668140705	8.01033849050018
6:32607969	T	G	0.071739	4.767e-11	34.3598664183534	10.393493848073	8.00526465465276
6:32606164	G	A	0.078896	4.983e-11	34.3030904697395	10.3814051128289	7.99762896324045
6:32598128	T	C	0.161327	5.346e-11	34.28407620618	10.4332980455795	8.05658773942452
6:32598107	T	C	0.087375	5.346e-11	34.21012420618	10.3593460455795	7.98263573942452
6:32597023	C	T	0.10106	5.479e-11	34.1883564401171	10.3623586995653	7.98811774176131
6:32597459	T	C	0.098166	5.479e-11	34.1854624401171	10.3594646995653	7.98522374176131
6:32597092	T	C	0.093136	5.479e-11	34.1804324401171	10.3544346995653	7.98019374176131
6:32597377	G	C	0.092859	5.479e-11	34.1801554401171	10.3541576995653	7.97991674176131
